City_ID,City,Lat,Lng,Max Temp,Humidity,Cloudiness,Wind Speed,Country,Date
0,victoria,22.2855,114.1577,21.08,86,95,1.79,HK,1675647602
1,dubrovnik,42.6481,18.0922,0.8,29,0,16.98,HR,1675648180
2,ipixuna,-1.7625,-48.8043,22.74,97,98,1.22,BR,1675648181
3,tasiilaq,65.6145,-37.6368,-3.91,94,100,2.44,GL,1675648096
4,kapaa,22.0752,-159.319,26.18,81,100,4.12,US,1675648181
5,malanje,-9.5402,16.341,17.11,92,100,1.43,AO,1675648181
6,olinda,-8.0089,-34.8553,27.85,74,20,1.54,BR,1675647745
7,cidreira,-30.1811,-50.2056,22.29,82,100,3.11,BR,1675648182
8,hermanus,-34.4187,19.2345,21.56,88,34,5.62,ZA,1675648182
9,punta arenas,-53.15,-70.9167,10.06,71,75,9.77,CL,1675648182
10,pevek,69.7008,170.3133,-37.02,99,96,1.73,RU,1675648182
11,qaanaaq,77.484,-69.3632,-20.2,55,56,2.16,GL,1675648183
12,mizan teferi,6.9833,35.5833,19.01,53,62,1.09,ET,1675648183
13,ushuaia,-54.8,-68.3,6.81,65,40,9.26,AR,1675648156
14,onega,63.9061,38.1404,-13.93,98,97,2.09,RU,1675648183
15,hilo,19.7297,-155.09,26.27,84,75,3.09,US,1675648165
16,shimoda,34.6667,138.95,11.2,41,99,4.13,JP,1675648184
17,souillac,-20.5167,57.5167,25.21,88,40,1.54,MU,1675648184
18,beringovskiy,63.05,179.3167,-27.27,93,95,5.07,RU,1675648184
19,alice springs,-23.7,133.8833,29.75,14,1,6.17,AU,1675648185
20,port hueneme,34.1478,-119.1951,15.53,68,0,10.8,US,1675648185
21,ewa beach,21.3156,-158.0072,27.97,64,20,6.69,US,1675648185
22,rikitea,-23.1203,-134.9692,25.99,76,3,6.83,PF,1675648185
23,mar del plata,-38.0023,-57.5575,26.01,57,0,4.63,AR,1675648186
24,rawson,-43.3002,-65.1023,17.44,62,80,7.98,AR,1675648164
25,aquiraz,-3.9014,-38.3911,27.05,85,38,3.22,BR,1675648186
26,poum,-20.2333,164.0167,29.0,78,93,7.63,NC,1675648186
27,arraial do cabo,-22.9661,-42.0278,23.19,93,75,3.53,BR,1675648187
28,kerema,-7.9631,145.7785,26.87,87,84,5.0,PG,1675648187
29,vaini,-21.2,-175.2,28.09,74,40,3.09,TO,1675648137
30,esperance,-33.8667,121.9,27.97,40,62,7.34,AU,1675648187
31,airai,-8.9266,125.4092,20.91,73,82,1.6,TL,1675648188
32,quatre cocos,-20.2078,57.7625,25.61,78,93,4.67,MU,1675648188
33,lamont,35.2597,-118.9143,11.15,76,62,7.18,US,1675648188
34,aksu,41.1231,80.2644,-5.79,80,100,0.96,CN,1675648188
35,chuy,-33.6971,-53.4616,18.49,82,0,1.4,UY,1675648114
36,morondava,-20.2833,44.2833,24.17,88,87,5.83,MG,1675648189
37,takaungu,-3.6837,39.8566,23.95,84,29,1.52,KE,1675648189
38,norman wells,65.282,-126.8329,-25.98,76,100,0.0,CA,1675648189
39,thompson,55.7435,-97.8558,-13.91,85,100,2.06,CA,1675647940
40,lavrentiya,65.5833,-171.0,-20.4,89,99,4.19,RU,1675648190
41,inirida,3.8653,-67.9239,22.04,98,59,0.36,CO,1675648190
42,bethel,41.3712,-73.414,5.21,69,0,0.0,US,1675648190
43,wadi musa,30.3222,35.4793,4.79,55,1,8.28,JO,1675648190
44,albany,42.6001,-73.9662,4.23,62,100,1.77,US,1675647933
45,gushikawa,26.3544,127.8686,20.57,98,75,2.57,JP,1675648191
46,amga,60.8953,131.9608,-36.91,99,100,0.64,RU,1675648191
47,dakar,14.6937,-17.4441,18.49,69,55,9.09,SN,1675648191
48,kununurra,-15.7667,128.7333,32.99,43,59,2.06,AU,1675648192
49,hobart,-42.8794,147.3294,22.37,54,75,8.23,AU,1675648057
50,ribeira grande,38.5167,-28.7,16.54,92,100,6.71,PT,1675648192
51,kodiak,57.79,-152.4072,2.73,100,100,2.06,US,1675648192
52,barrow,71.2906,-156.7887,-27.99,76,100,1.54,US,1675648193
53,bluff,-46.6,168.3333,15.72,76,66,10.81,NZ,1675648193
54,maesteg,51.6093,-3.6582,3.04,88,24,2.32,GB,1675648193
55,villagarzon,1.0375,-76.6267,21.48,94,98,1.86,CO,1675648193
56,mataura,-46.1927,168.8643,19.2,57,98,5.13,NZ,1675647951
57,turukhansk,65.8167,87.9833,-19.74,100,98,1.26,RU,1675648194
58,saldanha,-33.0117,17.9442,17.92,92,0,3.55,ZA,1675648194
59,ascension,30.2169,-90.9001,15.01,80,0,0.0,US,1675648194
60,telimele,10.9167,-13.3333,20.58,59,96,1.42,GN,1675648195
61,ahipara,-35.1667,173.1667,20.37,93,94,1.85,NZ,1675648195
62,vermilion,40.1667,-87.7506,4.22,80,0,4.12,US,1675648195
63,atuona,-9.8,-139.0333,26.09,74,27,7.63,PF,1675647904
64,erenhot,43.6475,111.9767,-7.73,43,14,1.89,CN,1675648196
65,guerrero negro,27.9769,-114.0611,15.6,81,97,7.41,MX,1675648196
66,gat,31.61,34.7642,13.0,15,3,7.35,IL,1675648196
67,vrangel,42.7297,133.0839,-2.85,52,6,3.2,RU,1675648196
68,dikson,73.5069,80.5464,-17.73,96,100,1.56,RU,1675648197
69,kulhudhuffushi,6.6221,73.07,26.88,73,52,1.15,MV,1675648197
70,najran,17.4924,44.1277,14.36,46,85,1.16,SA,1675648198
71,busselton,-33.65,115.3333,24.44,55,0,5.52,AU,1675647940
72,port alfred,-33.5906,26.891,22.32,94,85,4.09,ZA,1675647947
73,jumla,29.2747,82.1838,3.61,42,0,2.04,NP,1675648198
74,pahrump,36.2083,-115.9839,12.92,28,70,2.24,US,1675648198
75,pisco,-13.7,-76.2167,24.03,83,0,5.14,PE,1675648198
76,hoquiam,46.9809,-123.8893,8.33,87,100,6.69,US,1675648199
77,sabang,5.8933,95.3214,27.56,69,85,4.39,ID,1675648199
78,puerto ayora,-0.7393,-90.3518,26.42,90,42,3.58,EC,1675648199
79,tilichiki,60.4667,166.1,-24.83,94,13,3.47,RU,1675648200
80,yatou,37.15,122.3833,6.18,68,91,1.38,CN,1675648200
81,clyde river,70.4692,-68.5914,-29.87,69,0,3.6,CA,1675648200
82,iqaluit,63.7506,-68.5145,-26.84,68,75,4.63,CA,1675648201
83,dingle,10.9995,122.6711,27.59,77,93,4.98,PH,1675648201
84,klaksvik,62.2266,-6.589,9.51,88,100,14.95,FO,1675648201
85,khatanga,71.9667,102.5,-36.96,100,48,2.9,RU,1675648202
86,vila velha,-20.3297,-40.2925,26.97,83,0,5.66,BR,1675648202
87,port blair,11.6667,92.75,27.02,83,40,2.06,IN,1675648202
88,saint-philippe,-21.3585,55.7679,24.77,83,94,4.71,RE,1675648203
89,bembereke,10.2283,2.6634,25.09,18,77,2.14,BJ,1675648203
90,san cristobal,7.7669,-72.225,22.1,91,10,1.0,VE,1675648203
91,lumsden,50.6501,-104.8678,-1.11,85,100,5.63,CA,1675648204
92,mahon,39.8885,4.2658,11.31,62,75,8.75,ES,1675648204
93,jamestown,42.097,-79.2353,5.57,76,100,5.14,US,1675648035
94,butler,39.4501,-84.5666,8.54,70,100,1.34,US,1675648205
95,thiruvananthapuram,8.4833,76.9167,25.99,83,40,1.03,IN,1675648205
96,eyl,7.9803,49.8164,22.35,84,77,5.17,SO,1675648205
97,baykit,61.67,96.37,-19.23,100,94,1.38,RU,1675648206
98,biak,-0.9131,122.8766,26.85,69,89,1.66,ID,1675648206
99,usagara,-2.6833,33.0,18.94,78,66,0.29,TZ,1675648207
100,kaitangata,-46.2817,169.8464,19.0,59,69,6.46,NZ,1675648207
101,jalu,29.0331,21.5482,11.93,45,100,6.33,LY,1675648207
102,mantua,45.1667,10.7833,4.64,83,45,0.89,IT,1675648020
103,bredasdorp,-34.5322,20.0403,20.3,90,51,4.75,ZA,1675648208
104,port-gentil,-0.7193,8.7815,27.19,78,99,4.64,GA,1675648208
105,bambous virieux,-20.3428,57.7575,25.68,88,40,1.54,MU,1675648208
106,sao filipe,14.8961,-24.4956,20.47,64,37,7.06,CV,1675648209
107,east london,-33.0153,27.9116,23.39,85,74,5.68,ZA,1675647870
108,fort smith,35.3859,-94.3986,13.02,62,0,0.0,US,1675648129
109,sayyan,15.1718,44.3244,9.68,36,10,1.11,YE,1675648209
110,fuerte olimpo,-21.0415,-57.8738,24.2,62,6,2.16,PY,1675648209
111,kodinsk,58.6881,99.1844,-13.26,96,100,1.99,RU,1675648210
112,tuktoyaktuk,69.4541,-133.0374,-43.0,66,20,2.06,CA,1675648210
113,cape town,-33.9258,18.4232,22.17,77,0,5.81,ZA,1675648200
114,izumo,35.3667,132.7667,4.94,81,75,4.12,JP,1675648210
115,mackay,-21.15,149.2,30.38,79,65,5.63,AU,1675648211
116,kandrian,-6.2167,149.55,29.63,69,94,3.21,PG,1675648211
117,moa,20.6569,-74.9403,23.63,87,5,4.33,CU,1675648212
118,maceio,-9.6658,-35.7353,24.69,94,20,2.06,BR,1675648203
119,butaritari,3.0707,172.7902,27.01,82,86,8.3,KI,1675648212
120,ostrovnoy,68.0531,39.5131,-10.25,91,100,7.68,RU,1675648212
121,tome,-36.6167,-72.95,13.34,87,6,0.65,CL,1675648213
122,berdigestyakh,62.0989,126.6992,-34.41,96,100,1.71,RU,1675648213
123,yellowknife,62.456,-114.3525,-19.69,77,100,5.14,CA,1675647962
124,jieshi,22.8134,115.8257,18.18,86,99,4.06,CN,1675648214
125,castro,-24.7911,-50.0119,16.49,81,9,2.16,BR,1675648214
126,verkhnevilyuysk,63.4453,120.3167,-42.42,99,73,1.27,RU,1675648214
127,rio verde de mato grosso,-18.9181,-54.8442,23.04,89,100,1.69,BR,1675648215
128,new norfolk,-42.7826,147.0587,22.18,54,49,2.24,AU,1675648215
129,laminusa,5.5549,120.9136,27.37,73,19,2.25,PH,1675648216
130,coquimbo,-29.9533,-71.3436,18.85,82,0,2.57,CL,1675648060
131,novosysoyevka,44.235,133.3642,-9.52,87,97,0.65,RU,1675648216
132,hambantota,6.1241,81.1185,24.19,100,40,1.03,LK,1675648180
133,port elizabeth,-33.918,25.5701,23.94,94,75,5.66,ZA,1675648216
134,lebu,-37.6167,-73.65,15.93,89,1,7.61,CL,1675647952
135,port hardy,50.6996,-127.4199,7.1,81,75,2.06,CA,1675647934
136,tiksi,71.6872,128.8694,-32.05,100,100,1.36,RU,1675648217
137,longyearbyen,78.2186,15.6401,-2.09,74,40,1.03,SJ,1675647932
138,deming,32.2687,-107.7586,19.94,12,0,3.6,US,1675648217
139,cabo san lucas,22.8909,-109.9124,26.17,33,0,5.14,MX,1675647603
140,manta,-0.95,-80.7333,26.88,78,75,2.57,EC,1675648146
141,takahashi,34.7833,133.6167,6.14,48,100,0.52,JP,1675648218
142,ochamchira,42.7121,41.4721,5.79,51,88,1.36,GE,1675648218
143,atasu,48.6814,71.6433,-7.24,97,96,2.74,KZ,1675648218
144,tautira,-17.7333,-149.15,27.22,77,100,4.93,PF,1675648219
145,isiro,2.7739,27.616,20.25,43,100,1.59,CD,1675648219
146,mongu,-15.2484,23.1274,19.32,96,100,1.96,ZM,1675648219
147,luderitz,-26.6481,15.1594,16.28,95,80,2.01,NA,1675648220
148,salalah,17.0151,54.0924,21.05,78,0,2.06,OM,1675647984
149,severo-kurilsk,50.6789,156.125,-2.51,63,100,6.07,RU,1675648220
150,provideniya,64.3833,-173.3,-12.94,61,100,7.15,RU,1675648220
151,cherskiy,68.75,161.3,-38.37,99,99,2.11,RU,1675648221
152,hithadhoo,-0.6,73.0833,27.31,70,99,4.91,MV,1675648221
153,port macquarie,-31.4333,152.9167,28.83,56,1,4.96,AU,1675648221
154,talnakh,69.4865,88.3972,-15.44,98,100,0.98,RU,1675648222
155,nampula,-15.1165,39.2666,21.97,100,75,3.13,MZ,1675648222
156,vardo,70.3705,31.1107,-3.01,93,100,3.09,NO,1675648222
157,juba,4.8517,31.5825,23.27,32,38,1.23,SS,1675648223
158,hasaki,35.7333,140.8333,11.27,65,7,3.47,JP,1675648223
159,neiafu,-18.65,-173.9833,29.38,74,75,4.12,TO,1675648224
160,pringsewu,-5.3582,104.9744,28.19,64,85,0.76,ID,1675648224
161,channel-port aux basques,47.5702,-59.1367,1.2,98,100,10.64,CA,1675648224
162,torbay,47.6666,-52.7314,-3.18,79,75,7.2,CA,1675648225
163,bograd,54.2344,90.8328,-22.74,99,24,1.65,RU,1675648225
164,timra,62.487,17.3257,-1.18,74,24,3.6,SE,1675648225
165,jacareacanga,-6.2222,-57.7528,22.69,98,99,0.62,BR,1675648226
166,deputatskiy,69.3,139.9,-38.12,99,97,2.25,RU,1675648226
167,saskylakh,71.9167,114.0833,-41.8,100,96,1.75,RU,1675648227
168,meulaboh,4.1363,96.1285,24.36,89,99,4.13,ID,1675648227
169,moroni,-11.7022,43.2551,26.34,83,100,3.46,KM,1675648227
170,aksarka,66.5606,67.7975,-26.37,100,35,1.11,RU,1675648228
171,cubara,7.0008,-72.1085,22.6,79,79,1.69,CO,1675648228
172,lagoa,39.05,-27.9833,14.74,85,100,4.62,PT,1675648228
173,namatanai,-3.6667,152.4333,29.15,68,91,2.14,PG,1675648228
174,bathsheba,13.2167,-59.5167,24.34,88,75,11.32,BB,1675648229
175,rundu,-17.9333,19.7667,18.52,94,100,1.12,NA,1675648229
176,nome,64.5011,-165.4064,-7.96,73,100,2.57,US,1675648229
177,xining,36.6167,101.7667,-3.44,51,77,0.88,CN,1675648177
178,dudinka,69.4058,86.1778,-15.21,100,100,1.69,RU,1675648230
179,guanica,17.9716,-66.908,25.51,71,4,5.13,PR,1675648230
180,lasa,46.6166,10.7002,-2.77,93,58,2.52,IT,1675648230
181,taybad,34.74,60.7756,4.85,41,0,1.68,IR,1675648231
182,novokayakent,42.3937,47.9861,3.15,77,100,1.83,RU,1675648231
183,georgetown,5.4112,100.3354,25.96,94,40,2.06,MY,1675648232
184,necochea,-38.5473,-58.7368,23.02,49,100,2.37,AR,1675648232
185,vestmannaeyjar,63.4427,-20.2734,4.38,67,100,14.53,IS,1675648232
186,tessalit,20.1986,1.0114,18.54,11,0,3.28,ML,1675648232
187,zyryanka,65.75,150.85,-31.48,96,100,0.23,RU,1675648233
188,mahebourg,-20.4081,57.7,25.7,88,40,1.54,MU,1675648135
189,beroroha,-21.6667,45.1667,21.98,87,100,1.81,MG,1675648233
190,wiwili,13.6268,-85.8254,23.66,63,91,2.91,NI,1675648233
191,viesca,25.35,-102.8,17.34,22,0,1.03,MX,1675648234
192,shelburne,44.0787,-80.2041,1.42,91,100,4.43,CA,1675648234
193,luena,-11.7833,19.9167,16.39,94,100,2.92,AO,1675648234
194,birao,10.2849,22.7882,20.1,17,24,2.11,CF,1675648235
195,ponta do sol,32.6667,-17.1,16.51,60,7,2.29,PT,1675648235
196,camacupa,-12.0167,17.4833,15.62,94,100,1.87,AO,1675648235
197,sheridan,44.8333,-106.9173,-0.79,75,100,0.45,US,1675648235
198,fairbanks,64.8378,-147.7164,-17.02,81,0,2.57,US,1675648236
199,isangel,-19.55,169.2667,29.79,69,100,0.46,VU,1675648236
200,omboue,-1.5746,9.2618,25.62,84,100,1.35,GA,1675648236
201,avera,33.194,-82.5271,9.73,86,0,2.83,US,1675648237
202,ketchikan,55.3422,-131.6461,3.26,87,100,5.14,US,1675648237
203,namie,37.4833,141.0,10.95,40,50,4.28,JP,1675648237
204,caraquet,47.7941,-64.9386,-10.7,96,100,0.78,CA,1675648063
205,ganzhou,28.8184,115.4327,11.1,84,83,0.96,CN,1675648238
206,kencong,-8.2833,113.3667,27.99,69,100,1.46,ID,1675648238
207,kunya,12.2233,8.5325,17.09,59,0,2.06,NG,1675648238
208,kankon,15.0167,74.0167,23.99,51,99,2.01,IN,1675648239
209,oksfjord,70.2396,22.3479,3.1,88,96,4.97,NO,1675648239
210,diffa,13.3154,12.6113,22.78,23,85,3.8,NE,1675648239
211,itarema,-2.9248,-39.9167,24.83,88,80,3.55,BR,1675648239
212,peleduy,59.6289,112.7406,-29.2,100,98,0.61,RU,1675648240
213,abha,18.2164,42.5053,13.14,24,0,4.12,SA,1675648240
214,beian,63.6559,9.5683,5.56,93,75,2.57,NO,1675648240
215,suleja,9.1758,7.1808,26.22,16,99,2.74,NG,1675648240
216,langsa,4.4683,97.9683,25.39,85,100,0.77,ID,1675648241
217,sisophon,13.5859,102.9737,29.12,62,39,2.46,KH,1675648241
218,paramonga,-10.6667,-77.8333,22.75,81,49,2.7,PE,1675648241
219,kabare,-2.4683,28.8242,14.91,89,90,0.68,CD,1675648242
220,moose factory,51.2585,-80.6094,-25.01,84,0,1.54,CA,1675648242
221,cienfuegos,22.1461,-80.4356,24.08,88,0,1.54,CU,1675648242
222,kaseda,31.4167,130.3167,13.87,81,100,5.8,JP,1675648242
223,touros,-5.1989,-35.4608,26.38,78,8,4.22,BR,1675648243
224,aksarayskiy,46.7924,48.0119,-4.08,90,100,3.52,RU,1675648243
225,roma,43.2128,-75.4557,6.71,70,100,0.0,US,1675648243
226,tiznit,29.5833,-9.5,9.37,44,5,0.53,MA,1675648243
227,tambura,5.6,27.4667,21.0,20,76,1.47,SS,1675648244
228,ilulissat,69.2167,-51.1,-16.99,78,100,10.8,GL,1675648244
229,sitka,57.0531,-135.33,5.94,61,100,10.29,US,1675648186
230,havoysund,70.9963,24.6622,4.13,73,75,9.44,NO,1675648244
231,imeni poliny osipenko,52.4201,136.4853,-21.69,95,97,1.26,RU,1675648245
232,walvis bay,-22.9575,14.5053,18.94,87,100,1.86,NA,1675648245
233,inongo,-1.95,18.2667,22.34,91,81,2.38,CD,1675648156
234,kainantu,-6.2887,145.8655,23.41,71,76,0.7,PG,1675648245
235,flinders,-34.5833,150.8552,28.99,65,0,3.13,AU,1675648246
236,kashi,39.4547,75.9797,-0.44,59,40,4.0,CN,1675648246
237,lynn haven,30.2455,-85.6483,17.06,85,75,0.0,US,1675648246
238,kunnamangalam,11.3046,75.8777,22.35,73,99,1.51,IN,1675648246
239,plettenberg bay,-34.0527,23.3716,20.64,96,71,2.33,ZA,1675648247
240,ullapool,57.8987,-5.1604,10.19,87,100,5.25,GB,1675648247
241,hovd,48.0056,91.6419,-16.11,76,94,1.42,MN,1675648247
242,oranjemund,-28.55,16.4333,17.26,95,99,3.97,NA,1675648209
243,tingi,-11.3,35.0333,17.11,91,100,0.33,TZ,1675648248
244,lata,40.1629,-8.3327,3.37,77,0,2.35,PT,1675648248
245,pafos,34.7667,32.4167,11.88,71,100,6.17,CY,1675648248
246,sisimiut,66.9395,-53.6735,-18.04,92,100,2.13,GL,1675648249
247,tura,25.5198,90.2201,16.8,48,0,1.38,IN,1675648249
248,darhan,49.4867,105.9228,-20.47,96,86,1.38,MN,1675648249
249,andenes,69.3143,16.1194,2.99,75,100,8.23,NO,1675648249
250,half moon bay,37.4636,-122.4286,10.88,83,40,9.26,US,1675648045
251,avarua,-21.2078,-159.775,26.03,83,75,3.6,CK,1675648250
252,pochutla,15.7432,-96.4661,25.9,74,0,2.0,MX,1675648250
253,dzerzhinskoye,56.8344,95.2283,-21.94,100,95,0.81,RU,1675648171
254,miri,4.4148,114.0089,28.08,89,20,2.06,MY,1675648250
255,yar-sale,66.8333,70.8333,-27.66,100,89,0.19,RU,1675648251
256,assiniboia,49.6334,-105.9845,1.9,69,88,7.2,CA,1675648251
257,parakai,-36.65,174.4333,24.84,86,85,3.24,NZ,1675648251
258,tianpeng,30.9866,103.9393,12.62,69,99,0.51,CN,1675648252
259,mandera,3.9366,41.867,23.44,34,28,3.36,KE,1675648252
260,saint-pierre,-21.3393,55.4781,24.82,78,0,2.06,RE,1675648252
261,sao felix do xingu,-6.6447,-51.995,22.34,94,90,0.87,BR,1675648252
262,raga,8.4596,25.678,20.96,19,36,0.29,SS,1675648253
263,celestun,20.8667,-90.4,22.52,74,30,6.44,MX,1675648253
264,dubrovka,53.6907,33.5071,-10.08,98,84,2.69,RU,1675648253
265,moerai,-22.4333,-151.3333,27.07,69,61,5.16,PF,1675648253
266,husavik,66.0449,-17.3389,3.67,63,100,13.3,IS,1675648215
267,puerto quijarro,-17.7833,-57.7667,24.29,80,27,0.74,BO,1675648254
268,bengkulu,-3.8004,102.2655,26.42,71,89,2.46,ID,1675648254
269,carauari,-4.8828,-66.8958,22.53,98,95,0.4,BR,1675648255
270,alofi,-19.0595,-169.9187,23.94,94,97,8.75,NU,1675648255
271,marzuq,14.4,46.4667,16.42,72,60,1.65,YE,1675648255
272,carnarvon,-24.8667,113.6333,27.29,63,0,7.79,AU,1675648256
273,okakarara,-20.5833,17.4333,18.24,89,100,2.7,NA,1675648256
274,tuatapere,-46.1333,167.6833,17.96,64,92,5.08,NZ,1675648182
275,chara,56.9064,118.2631,-23.15,97,100,0.95,RU,1675648256
276,saint-francois,46.4154,3.9054,4.82,81,100,5.14,FR,1675648133
277,aswan,24.0934,32.907,14.61,30,0,2.06,EG,1675648256
278,santiago,-33.4569,-70.6483,24.75,49,0,5.66,CL,1675647747
279,alugan,12.2188,125.4808,26.91,85,90,5.6,PH,1675648257
280,abalak,58.1286,68.5944,-17.48,100,100,0.95,RU,1675648257
281,mbanza-ngungu,-5.25,14.8667,18.92,93,69,0.73,CD,1675648257
282,la reforma,25.0833,-108.05,17.27,78,21,3.31,MX,1675647835
283,kroonstad,-27.6504,27.2349,17.03,70,1,2.81,ZA,1675648258
284,aklavik,68.2191,-135.0107,-40.65,100,28,0.22,CA,1675648258
285,massaguet,12.4755,15.4365,23.88,17,98,4.39,TD,1675648258
286,san patricio,28.017,-97.5169,19.97,87,0,4.28,US,1675648259
287,leningradskiy,69.3833,178.4167,-29.4,98,100,2.18,RU,1675648259
288,vitim,59.4511,112.5578,-26.85,99,99,0.62,RU,1675648259
289,maumere,-8.6199,122.2111,26.37,86,100,6.51,ID,1675648260
290,adrar,20.5022,-10.0711,13.75,30,100,4.49,MR,1675648260
291,sao joao da barra,-21.6403,-41.0511,24.2,94,13,0.59,BR,1675648260
292,vista hermosa,19.5167,-99.2167,18.08,22,0,7.2,MX,1675648260
293,havelock,34.8791,-76.9013,15.97,89,100,5.66,US,1675648261
294,karasburg,-28.0167,18.75,22.02,42,95,1.68,NA,1675648261
295,lokosovo,61.1333,74.8167,-20.77,100,100,1.33,RU,1675648261
296,otane,-39.8833,176.6333,25.58,52,54,3.52,NZ,1675648262
297,tsaratanana,-16.7833,47.65,22.01,93,100,1.81,MG,1675648262
298,bandarbeyla,9.4942,50.8122,23.52,75,63,6.08,SO,1675648262
299,batticaloa,7.7102,81.6924,25.16,84,100,4.09,LK,1675648263
300,hamilton,39.1834,-84.5333,8.89,67,40,3.09,US,1675648087
301,baijiantan,45.6333,85.1833,-11.57,93,100,0.43,CN,1675648263
302,pucara,-15.9803,-71.4606,0.07,98,100,1.59,PE,1675648263
303,valdivia,-39.8142,-73.2459,20.05,83,0,0.8,CL,1675648169
304,kabo,7.6994,18.629,23.36,17,60,1.57,CF,1675648264
305,bucerias,20.75,-105.3333,23.99,83,0,2.06,MX,1675648060
306,nanortalik,60.1432,-45.2371,-7.47,76,100,12.88,GL,1675648264
307,gravdal,68.1214,13.5031,4.14,96,100,11.84,NO,1675648265
308,mackenzie,55.2999,-123.1698,2.12,55,40,1.54,CA,1675648265
309,chokurdakh,70.6333,147.9167,-40.89,100,86,0.67,RU,1675648265
310,oudtshoorn,-33.5907,22.2014,20.2,85,52,1.58,ZA,1675648266
311,mananjary,-21.2167,48.3333,22.52,95,99,2.75,MG,1675648266
312,petropavlovka,50.6114,105.3196,-18.05,94,54,1.31,RU,1675648266
313,taoudenni,22.6783,-3.9836,14.96,28,99,4.07,ML,1675648267
314,praxedis guerrero,31.3667,-106.0167,21.7,19,0,0.84,MX,1675648267
315,havre-saint-pierre,50.2334,-63.5986,-11.0,85,100,1.54,CA,1675648267
316,margate,51.3813,1.3862,5.5,89,66,1.34,GB,1675648059
317,gualaquiza,-3.4,-78.55,17.7,98,80,0.81,EC,1675648268
318,codrington,-38.2667,141.9667,19.03,58,79,4.41,AU,1675648268
319,calama,-22.4667,-68.9333,15.27,82,40,6.69,CL,1675648268
320,san jose,37.3394,-121.895,11.11,79,75,6.17,US,1675647576
321,nevel,56.0209,29.9284,-8.21,92,100,3.21,RU,1675648269
322,vila franca do campo,37.7167,-25.4333,15.23,81,88,3.62,PT,1675648269
323,bodden town,19.2833,-81.25,26.11,75,20,1.54,KY,1675648269
324,mporokoso,-9.3727,30.125,14.72,96,90,0.73,ZM,1675648270
325,tuljapur,18.0,76.0833,19.98,27,6,3.18,IN,1675648270
326,luau,-10.7073,22.2247,17.15,98,100,1.31,AO,1675648271
327,chapais,49.7834,-74.8492,-18.12,98,100,1.98,CA,1675648271
328,hofn,64.2539,-15.2082,6.09,84,100,14.14,IS,1675648271
329,port keats,-14.25,129.55,31.7,44,93,1.76,AU,1675648271
330,mount isa,-20.7333,139.5,28.87,70,100,4.63,AU,1675648272
331,soe,-9.8607,124.284,24.05,75,70,0.4,ID,1675648272
332,penticton,49.4806,-119.5858,5.41,86,40,9.26,CA,1675648272
333,black river,18.0264,-77.8487,23.42,79,0,0.88,JM,1675648273
334,north bend,43.4065,-124.2243,8.37,93,100,7.2,US,1675648273
335,ballina,-28.8667,153.5667,29.45,64,87,3.87,AU,1675648273
336,hami,42.8,93.45,-0.84,39,11,2.26,CN,1675648274
337,playa vicente,17.8333,-95.8167,20.19,78,95,2.39,MX,1675648274
338,camocim,-2.9022,-40.8411,24.68,90,28,3.42,BR,1675648274
339,barao de melgaco,-16.1944,-55.9675,23.78,84,29,0.74,BR,1675648275
340,nikolskoye,59.7035,30.7861,-3.06,95,100,2.7,RU,1675648270
341,luanda,-8.8368,13.2343,26.0,83,75,2.57,AO,1675648275
342,semey,50.4111,80.2275,-3.88,86,100,5.0,KZ,1675648275
343,nemuro,43.3236,145.575,-2.08,71,100,1.88,JP,1675648276
344,tacuati,-23.45,-56.5833,22.97,67,51,0.99,PY,1675648276
345,nishihara,26.1842,127.7558,20.6,91,100,6.17,JP,1675648277
346,ancud,-41.8697,-73.8203,13.04,81,66,2.16,CL,1675648277
347,pilar,-9.5972,-35.9567,23.96,91,24,1.26,BR,1675648277
348,mayo,38.8876,-76.5119,11.23,75,0,4.12,US,1675648278
349,tukan,53.8409,57.4552,-18.8,100,100,0.89,RU,1675648278
350,taltal,-25.4,-70.4833,21.83,78,2,0.61,CL,1675648278
351,nantucket,41.2835,-70.0995,6.75,86,40,3.6,US,1675648279
352,foumban,5.7291,10.9001,18.22,33,24,1.25,CM,1675648279
353,mineral wells,32.8085,-98.1128,17.11,42,0,3.09,US,1675648279
354,belmonte,-15.8631,-38.8828,25.95,82,0,4.03,BR,1675648125
355,wahpeton,46.2652,-96.6059,-9.48,85,40,2.57,US,1675648280
356,cabinda,-5.55,12.2,25.18,88,75,1.91,AO,1675648280
357,rusape,-18.5278,32.1284,14.15,95,5,0.21,ZW,1675648280
358,leesburg,39.1157,-77.5636,10.91,50,0,3.6,US,1675648281
359,aden,12.7794,45.0367,23.64,73,76,4.44,YE,1675648281
360,mombasa,-4.0547,39.6636,23.44,87,18,2.32,KE,1675648281
361,chapleau,47.8405,-83.4034,-13.95,78,100,4.12,CA,1675648080
362,humberto de campos,-2.5983,-43.4611,23.88,94,85,2.0,BR,1675648282
363,abu samrah,35.3029,37.1841,7.6,80,65,4.83,SY,1675648282
364,sur,22.5667,59.5289,20.83,69,6,2.38,OM,1675648282
365,puerto escondido,15.85,-97.0667,24.9,73,0,1.93,MX,1675648283
366,dvurechensk,56.5982,61.0953,-9.79,99,87,1.17,RU,1675648283
367,pangnirtung,66.1451,-65.7125,-37.47,93,98,2.17,CA,1675648283
368,upernavik,72.7868,-56.1549,-25.57,95,100,3.53,GL,1675648203
369,nsanje,-16.92,35.262,23.33,95,100,1.41,MW,1675648284
370,vostok,46.4856,135.8833,-13.9,78,61,2.17,RU,1675648284
371,lyuban,52.7985,28.0048,-5.27,92,100,2.53,BY,1675648284
372,paragominas,-2.9667,-47.4833,22.09,98,69,1.23,BR,1675648284
373,naze,28.3667,129.4833,17.51,90,100,5.84,JP,1675648285
374,faanui,-16.4833,-151.75,27.35,76,7,6.9,PF,1675648285
375,kahului,20.8947,-156.47,27.2,73,20,9.77,US,1675648285
376,naryan-mar,67.6713,53.087,-19.16,99,32,3.69,RU,1675648286
377,tommot,58.9564,126.2925,-31.2,91,100,1.78,RU,1675648286
378,caravelas,-17.7125,-39.2481,25.71,84,1,4.71,BR,1675648286
379,mujiayingzi,42.1167,118.7833,-4.65,44,4,1.03,CN,1675648287
380,urengoy,65.9667,78.3667,-27.43,100,71,1.4,RU,1675648287
381,kruisfontein,-34.0033,24.7314,22.71,93,97,1.56,ZA,1675648287
382,touba,8.2833,-7.6833,24.14,28,43,1.7,CI,1675648288
383,port lincoln,-34.7333,135.8667,20.35,64,5,5.55,AU,1675648288
384,san luis,-33.295,-66.3356,23.05,38,4,3.93,AR,1675648288
385,novyy urengoy,66.0833,76.6333,-25.52,100,75,2.15,RU,1675648120
386,kembe,4.6228,21.8865,20.12,27,2,1.57,CF,1675648289
387,bol,13.4586,14.7147,23.9,40,97,5.72,TD,1675648289
388,khanpur,28.6453,70.6567,14.7,42,0,4.21,PK,1675648289
389,kirakira,-10.4544,161.9205,26.05,90,100,10.52,SB,1675648290
390,mahenge,-8.6833,36.7167,17.63,99,100,0.89,TZ,1675648290
391,sonoita,31.85,-112.8333,17.61,26,50,1.76,MX,1675648193
392,sambava,-14.2667,50.1667,23.39,92,99,1.73,MG,1675648290
393,tabas,33.5959,56.9244,7.84,29,59,0.43,IR,1675648291
394,surgut,61.25,73.4167,-18.9,84,100,1.79,RU,1675648291
395,yumen,40.2833,97.2,-2.19,37,100,0.36,CN,1675648291
396,namibe,-15.1961,12.1522,21.38,81,100,2.15,AO,1675648291
397,loandjili,-4.7561,11.8578,26.06,94,40,1.03,CG,1675648292
398,chuguyevka,44.1653,133.8633,-8.67,83,100,1.48,RU,1675648292
399,edson,53.5835,-116.4356,6.08,45,100,6.17,CA,1675648292
400,manono,-7.3,27.4167,18.82,96,99,0.23,CD,1675648292
401,santo tomas,14.1079,121.1414,28.09,67,93,3.28,PH,1675648293
402,auki,-8.7676,160.7034,24.66,94,100,5.27,SB,1675648293
403,tubuala,9.5167,-79.0333,25.53,85,36,6.61,PA,1675648293
404,ginir,7.1333,40.7,13.34,37,64,2.1,ET,1675648294
405,jining,35.405,116.5814,9.06,66,6,2.41,CN,1675648294
406,healdsburg,38.6105,-122.8692,10.17,77,48,2.37,US,1675648294
407,mount gambier,-37.8333,140.7667,20.74,50,13,3.19,AU,1675648294
408,novikovo,51.1537,37.8879,-6.83,97,100,1.74,RU,1675648295
409,kyra,49.5776,111.9753,-17.11,82,100,1.76,RU,1675648295
410,moranbah,-22.0016,148.0466,30.81,60,99,6.44,AU,1675648295
411,buin,-33.7333,-70.75,24.68,67,1,1.05,CL,1675648296
412,lloydminster,53.2835,-110.0016,-2.88,80,100,3.09,CA,1675648296
413,algeciras,36.1333,-5.4505,13.82,82,100,9.26,ES,1675648296
414,mezen,65.8522,44.24,-20.09,99,58,2.93,RU,1675648297
415,brae,60.3964,-1.353,8.08,89,100,11.76,GB,1675648297
416,ibimirim,-8.5406,-37.6903,25.22,63,70,3.15,BR,1675648297
417,atambua,-9.1061,124.8925,26.87,69,78,2.18,ID,1675648297
418,kommunisticheskiy,61.6789,64.4819,-17.95,99,99,1.16,RU,1675648298
419,qandala,11.472,49.8728,22.24,77,45,1.68,SO,1675648298
420,seoul,37.5683,126.9778,2.76,81,20,0.51,KR,1675648083
421,sergeyevka,53.88,67.4158,-14.91,96,100,3.18,KZ,1675648298
422,patti,31.2808,74.8572,13.04,56,98,2.31,IN,1675648298
423,george town,5.4112,100.3354,25.96,94,40,2.06,MY,1675648176
424,port hedland,-20.3167,118.5667,36.03,36,0,4.63,AU,1675648056
425,santa marta,11.2408,-74.199,28.03,65,40,4.12,CO,1675648299
426,preobrazheniye,42.9019,133.9064,-2.18,50,6,0.58,RU,1675648299
427,halifax,44.6453,-63.5724,5.68,92,100,7.2,CA,1675648199
428,tonekabon,36.8163,50.8738,5.97,57,100,1.21,IR,1675648300
429,ukiah,39.1502,-123.2078,9.13,84,0,3.6,US,1675648300
430,riberalta,-10.9833,-66.1,22.5,99,97,1.17,BO,1675648300
431,henties bay,-22.116,14.2845,17.56,89,100,2.77,NA,1675648301
432,riyadh,24.6877,46.7219,17.08,55,7,5.72,SA,1675648032
433,tarakan,3.3,117.6333,28.72,79,40,2.06,ID,1675648301
434,pali,25.7667,73.3333,16.45,41,0,2.98,IN,1675648137
435,glendive,47.1053,-104.7125,3.79,75,40,2.57,US,1675648301
436,newton,42.337,-71.2092,5.39,67,100,4.63,US,1675648302
437,deogarh,21.5333,84.7333,17.33,29,0,0.82,IN,1675648302
438,khurba,50.4072,136.8819,-19.2,92,99,1.54,RU,1675648302
439,urubicha,-15.3833,-62.95,20.39,99,100,0.55,BO,1675648302
440,coihaique,-45.5752,-72.0662,14.34,51,20,2.06,CL,1675648303
441,grand gaube,-20.0064,57.6608,25.77,79,78,1.34,MU,1675648303
442,los llanos de aridane,28.6585,-17.9182,12.86,70,100,4.12,ES,1675648303
443,la rioja,42.25,-2.5,-0.12,91,96,2.61,ES,1675648059
444,belyy yar,53.6039,91.3903,-24.52,83,40,0.0,RU,1675648304
445,makakilo city,21.3469,-158.0858,27.18,63,20,6.69,US,1675648304
446,pitimbu,-7.4706,-34.8086,27.33,80,28,3.82,BR,1675648304
447,phaltan,17.9833,74.4333,19.55,42,32,1.33,IN,1675648304
448,paulo ramos,-4.2167,-45.1833,22.73,97,99,1.74,BR,1675648305
449,brodick,55.5754,-5.1472,7.28,84,99,6.61,GB,1675648305
450,port said,31.2565,32.2841,11.99,62,16,9.26,EG,1675648305
451,ust-tsilma,65.441,52.1498,-27.12,100,100,1.22,RU,1675648306
452,changli,39.7042,119.1506,1.07,35,100,4.1,CN,1675648306
453,sajanan,37.0573,9.2426,10.51,83,100,1.98,TN,1675648306
454,tadine,-21.55,167.8833,28.78,73,86,2.54,NC,1675648306
455,hobyo,5.3505,48.5268,24.65,75,98,7.25,SO,1675648307
456,tiarei,-17.5333,-149.3333,31.01,74,100,5.54,PF,1675648307
457,verkhoyansk,67.5447,133.385,-40.04,100,96,0.82,RU,1675648307
458,curillo,1.0333,-75.9191,26.18,61,100,0.41,CO,1675648308
459,vanimo,-2.6741,141.3028,27.28,83,98,0.41,PG,1675648308
460,myitkyina,25.3833,97.4,19.36,45,19,0.92,MM,1675648308
461,perelyub,51.8667,50.3667,-18.92,98,22,2.18,RU,1675648308
462,komsomolskiy,40.4272,71.7189,3.4,93,100,1.03,UZ,1675648309
463,coahuayana,18.7333,-103.6833,21.74,84,0,1.11,MX,1675648309
464,whitley bay,55.0397,-1.4471,4.12,68,0,3.6,GB,1675648309
465,gasa,31.5,34.4667,12.16,47,3,9.58,PS,1675648309
466,coos bay,43.3665,-124.2179,8.41,93,100,7.2,US,1675648083
467,tateyama,34.9833,139.8667,9.89,60,28,2.05,JP,1675648310
468,sandy bay,-42.913,147.3532,22.39,54,75,8.23,AU,1675648310
469,saint george,37.1041,-113.5841,8.33,58,100,7.72,US,1675648279
470,asau,46.4333,26.4,-4.29,93,98,3.6,RO,1675648310
471,svetlopolyansk,59.4184,52.3605,-25.43,100,100,1.19,RU,1675648311
472,ustka,54.5805,16.8619,-3.53,77,100,3.84,PL,1675648311
473,glens falls,43.3095,-73.644,1.75,75,100,0.45,US,1675648113
474,namangan,40.9983,71.6726,4.29,64,100,0.82,UZ,1675648311
475,porto seguro,-16.4497,-39.0647,25.29,94,0,2.57,BR,1675648251
476,marsaxlokk,35.8419,14.5431,7.34,53,20,4.12,MT,1675648312
477,gamboma,-1.8764,15.8644,23.41,81,92,1.79,CG,1675648312
478,khonsa,27.0167,95.5667,16.12,46,10,0.55,IN,1675648312
479,vytegra,61.0064,36.4481,-12.16,90,95,2.53,RU,1675648313
480,bintulu,3.1667,113.0333,27.23,89,20,1.54,MY,1675648313
481,seka,17.9285,103.9552,29.03,68,17,1.63,TH,1675648214
482,hryshkivtsi,49.9353,28.6038,-6.19,95,100,4.96,UA,1675648313
483,bubaque,11.2833,-15.8333,24.6,59,100,6.99,GW,1675648313
484,nongpoh,25.9,91.8833,12.76,58,0,0.49,IN,1675648314
485,kharan,28.5833,65.4167,13.21,42,0,3.66,PK,1675648314
486,porecatu,-22.7558,-51.3792,22.7,75,100,0.29,BR,1675648314
487,atar,20.5169,-13.0499,15.31,29,70,4.2,MR,1675648174
488,kifri,34.6959,44.9661,10.18,62,100,5.24,IQ,1675648315
489,mungaa,-4.9667,34.8833,14.79,96,97,0.99,TZ,1675648315
490,whitehorse,60.7161,-135.0538,-7.77,79,100,5.66,CA,1675648315
491,hualmay,-11.0964,-77.6139,22.44,83,46,2.81,PE,1675648315
492,hermiston,45.8404,-119.2895,9.51,83,100,3.09,US,1675648302
493,aitape,-3.1374,142.3475,25.13,91,100,1.8,PG,1675648316
494,wilmington,34.2257,-77.9447,11.11,90,75,0.0,US,1675648316
495,tecolutilla,18.2833,-93.3167,21.69,90,3,4.77,MX,1675648316
496,marawi,7.9986,124.2928,26.2,58,93,1.57,PH,1675648317
497,labuan,5.2767,115.2417,28.2,89,20,0.51,MY,1675648317
498,zaraza,9.3503,-65.3245,23.99,78,90,2.56,VE,1675648317
499,santa catarina de tepehuanes,25.35,-105.7333,13.23,33,0,3.03,MX,1675648317
500,rosamorada,22.1222,-105.2058,19.74,70,1,0.47,MX,1675648203
501,fortuna,40.5982,-124.1573,9.19,95,100,0.45,US,1675648212
502,faya,18.3851,42.4509,13.29,52,85,1.54,SA,1675648318
503,jacqueville,5.2052,-4.4146,26.77,87,100,4.54,CI,1675648318
504,constitucion,-35.3333,-72.4167,14.41,92,7,1.9,CL,1675648115
505,baganga,7.5739,126.56,28.46,67,93,2.13,PH,1675648318
506,marrakesh,31.6315,-8.0083,10.04,46,20,1.54,MA,1675648319
507,civitanova marche,43.307,13.7206,5.48,45,100,1.79,IT,1675648319
508,kavieng,-2.5744,150.7967,28.76,70,67,1.91,PG,1675648319
509,quang ngai,15.1167,108.8,24.35,79,88,1.32,VN,1675648320
510,ha giang,22.8333,104.9833,20.57,98,100,1.28,VN,1675648320
511,araouane,18.9048,-3.5265,16.16,20,23,4.3,ML,1675648320
512,turan,16.0678,108.2208,24.99,83,75,2.06,VN,1675648303
513,amapa,1.0,-52.0,21.93,99,100,1.51,BR,1675648309
514,port moresby,-9.4431,147.1797,30.68,70,40,5.14,PG,1675648320
515,calamar,10.2511,-74.9146,25.52,69,19,1.99,CO,1675648321
516,narasannapeta,18.4167,84.05,20.23,70,37,2.17,IN,1675648321
517,andapa,-14.65,49.65,19.81,99,98,1.23,MG,1675648321
518,gillette,44.2911,-105.5022,3.86,64,40,10.29,US,1675648322
519,cotonou,6.3654,2.4183,26.73,88,100,4.62,BJ,1675648322
520,banda aceh,5.5577,95.3222,26.68,76,95,2.51,ID,1675648322
521,kavaratti,10.5669,72.642,27.09,72,12,3.25,IN,1675648322
522,batagay-alyta,67.8006,130.4114,-32.51,99,100,0.48,RU,1675648284
523,lujiang,31.2581,117.2817,9.01,76,100,1.79,CN,1675648323
524,vao,-22.6667,167.4833,26.2,84,48,7.17,NC,1675648323
525,hirara,24.8,125.2833,23.15,78,75,7.2,JP,1675648323
526,ust-barguzin,53.45,108.9833,-15.14,96,100,1.24,RU,1675648324
527,tabuk,17.4189,121.4443,25.84,72,93,2.56,PH,1675648324
528,matara,5.9485,80.5353,24.78,92,100,2.39,LK,1675648324
529,gilgit,35.9221,74.3087,1.77,77,100,1.17,PK,1675648325
530,chifeng,42.2683,118.9636,-4.79,40,5,0.32,CN,1675648325
531,athabasca,54.7169,-113.2854,0.23,85,100,3.48,CA,1675648325
532,katsuura,35.1333,140.3,10.24,60,82,2.43,JP,1675648226
533,zapadnaya dvina,56.259,32.0745,-9.88,96,100,2.29,RU,1675648326
534,te anau,-45.4167,167.7167,17.84,61,85,3.07,NZ,1675648326
535,agadez,19.75,10.25,14.54,16,1,3.99,NE,1675648326
536,cedar city,37.6775,-113.0619,-1.46,93,100,4.63,US,1675648038
537,vakhrushev,48.9833,142.9667,-14.75,81,22,1.01,RU,1675648327
538,kipini,-2.5257,40.5262,25.16,86,6,5.12,KE,1675648327
539,roald,62.5833,6.1333,7.41,70,40,5.66,NO,1675648327
540,blagoyevo,63.3667,47.9167,-24.74,100,100,1.35,RU,1675648328
541,macomb,40.4592,-90.6718,2.69,86,0,3.09,US,1675648328
542,durango,24.8333,-104.8333,13.84,23,0,1.82,MX,1675647955
543,bilma,18.6853,12.9164,16.81,13,12,6.27,NE,1675648328
544,ayame,5.6083,-3.1563,24.52,95,96,1.61,CI,1675648329
545,oneonta,42.4529,-75.0638,4.29,77,99,3.84,US,1675648329
546,maldonado,-34.6667,-54.9167,19.66,91,1,2.71,UY,1675648329
547,kafanchan,9.5833,8.3,22.13,19,100,2.3,NG,1675648330
548,kongolo,-5.3833,27.0,20.47,97,100,1.02,CD,1675648330
549,manteca,37.7974,-121.216,11.68,78,93,1.34,US,1675648161
550,baculin,7.4525,126.5842,28.53,67,85,2.51,PH,1675648330
551,arona,28.0996,-16.681,11.57,53,20,3.6,ES,1675648330
552,dovbysh,50.3733,27.9874,-7.23,96,97,3.91,UA,1675648331
553,porto novo,6.4965,2.6036,26.16,88,100,2.81,BJ,1675648331
554,rio gallegos,-51.6226,-69.2181,13.03,71,40,6.17,AR,1675648317
555,portland,45.5234,-122.6762,9.78,87,100,2.68,US,1675648039
556,geraldton,-28.7667,114.6,25.23,65,100,7.2,AU,1675648331
557,mudanya,40.3753,28.8822,2.6,96,100,11.8,TR,1675648332
558,lusambo,-4.9667,23.45,20.14,89,100,0.97,CD,1675648332
559,kamenka,51.3223,42.7678,-12.63,97,89,2.11,RU,1675648333
560,sayansk,54.1088,102.1648,-21.98,100,100,1.12,RU,1675648333
561,okhotsk,59.3833,143.3,-23.35,75,99,5.54,RU,1675648333
562,quimper,48.0,-4.1,4.31,93,0,2.06,FR,1675648333
563,ossora,59.2353,163.0719,-19.88,81,4,1.04,RU,1675648334
564,villa del rosario,7.8339,-72.4742,25.21,69,40,3.09,CO,1675648334
565,alekseyevka,50.6309,38.6903,-7.35,97,100,2.39,RU,1675648335
566,nabire,-3.3667,135.4833,28.69,74,100,1.87,ID,1675648335
567,lazaro cardenas,17.9583,-102.2,23.85,79,0,2.37,MX,1675648335
568,jinxiang,27.4327,120.6062,14.67,87,66,1.03,CN,1675648335
569,kieta,-6.2167,155.6333,27.01,81,100,2.16,PG,1675648336
570,dawlatabad,36.4141,64.9053,5.2,90,15,1.26,AF,1675648336
571,zaltan,32.947,11.8665,12.77,63,16,3.92,LY,1675648336
572,trairi,-3.2778,-39.2689,25.02,87,41,2.49,BR,1675648337
573,jishou,28.3167,109.7167,8.27,77,100,0.37,CN,1675648337
574,donetsk,48.0,37.8,-2.59,76,95,4.73,UA,1675648337
575,boca do acre,-8.7522,-67.3978,22.26,99,100,0.71,BR,1675648337
576,kenitra,34.261,-6.5802,5.42,78,0,1.86,MA,1675648338
577,nagaur,27.2,73.7333,16.91,47,0,3.95,IN,1675648338
578,rocha,-34.4833,-54.3333,17.05,89,0,2.52,UY,1675648316
